,Method_Old,Method_New
0,0.0009401999996043742,0.0003488000074867159
1,0.005386900011217222,0.000613799988059327
2,0.04543290000583511,0.0014236999995773658
3,0.4417162999889115,0.011788800009526312
4,4.537692800004152,0.11288119999517221
5,45.14028639999742,1.117807400005404
6,449.90895289999025,11.115063300007023
7,4499.259940399992,111.98344150000776
