,Method_Old,Method_New
0,0.000935200005187653,0.00034410000080242753
1,0.004621400003088638,0.00043489999370649457
2,0.08997520001139492,0.0027088999922852963
3,0.8914332999993348,0.023581400004331954
4,8.550367100004223,0.20213269999658223
5,85.21811329999764,2.1186255999928107
6,884.7137366999959,22.11380669999926
