,Method_Old,Method_New
0,0.0010947000118903816,0.0005724999937228858
1,0.005922399999690242,0.0005914000066695735
2,0.04988749999029096,0.001401000001351349
3,0.49146369998925366,0.012263000011444092
4,4.9992937999923015,0.11062320000200998
5,51.00091380000231,1.1470108999928925
6,511.0141330000042,11.31645220000064
7,7201.790187100007,219.21726389999094
